{"cameraMode":{"drawMode":0,"name":"Shaded","section":"Shading Mode"},"sceneLighting":true,"audioPlay":false,"sceneViewState":{"m_AlwaysRefresh":false,"showFog":true,"showSkybox":false,"showFlares":true,"showImageEffects":true,"showParticleSystems":true,"showVisualEffectGraphs":true,"m_FxEnabled":true},"in2DMode":false,"pivot":{"x":56.18680953979492,"y":19.333154678344728,"z":26.06214141845703},"rotation":{"x":-0.17644336819648744,"y":0.17578555643558503,"z":-0.032101262360811236,"w":-0.9679944515228272},"size":13.27833080291748,"orthographic":false}